,_fun_,_flirt_,_eye_,_dirty_,_self_,_original_void_,_define_,_last_partner_,_rapport_,_prioritets_,_positive_slide_,_magic_eye_,_money_,_pick_production_,_expert_neuron_,_local_person_,_friend_zone_
0,0.9,0.3,0.7,0.59,0.55,0.6,0.6351029283160708,0.6,0.9321698239979579,0.4,0.0,0.0,0.0,0.0,0.0,0.8723310324261057,0.59
1,0.5422265088823193,0.0658249179160403,0.2059226307742465,0.16859164467988902,0.3324472883984971,0.3123902382683681,0.9440101485672909,0.33721942369172403,0.7949432349245498,0.8138440623577587,0.0,0.0,0.0,0.0,0.0,0.4653326174792879,0.16859164467988902
2,0.9632433574810034,0.0861730475221626,0.1629639410602115,0.7338950164807629,0.0051910578151126,0.7874416944079218,0.7361046542238094,0.9555378588029004,0.4539205806551825,0.8380407147346581,0.0,0.0,0.0,0.0,0.0,0.7876281606746695,0.7338950164807629
3,0.6861733754530243,0.0286384493480076,0.6778963828914655,0.32422314690619897,0.6272273509304636,0.3598560351876726,0.6037857749983037,0.4471366403427389,0.6434500447323621,0.653511732135822,0.0,0.0,0.0,0.0,0.0,0.3036866398579896,0.32422314690619897
4,0.6216297244998057,0.9243050356764192,0.2762394012300424,0.6976351087929593,0.503266686451675,0.8687355511355497,0.621159260729338,0.7129679202441402,0.9297667198497269,0.3748203092518072,0.0,0.0,0.0,0.0,0.0,0.24275218107874974,0.6976351087929593
